Team,Matches,Shots,Goals,xG,Passes,Passes_Completed,Possession_Secs,Possession_Share_Sum,Possession_Share_Count,Pressures,Tackles,Interceptions,Fouls,Dribbles,Dribbles_Success,Carries,Progressive_Passes,Progressive_Carries,FinalThird_Entries,Box_Entries,Shots_per_match,Goals_per_match,xG_per_match,Pass_Completion,Pressures_per_match,Tackles_per_match,Interceptions_per_match,Fouls_per_match,Dribbles_per_match,Dribble_Success,Carries_per_match,Progressive_Passes_per_match,Progressive_Carries_per_match,FinalThird_Entries_per_match,Box_Entries_per_match,xG_per_shot,Goals_per_shot,Possession_Share,Team_Normalized
Atlético Madrid,2,20,1,1.118510347,1015,846,3186.674232191001,0.9123533987928958,2,359,0,39,46,40,23,775,292,66,526,96,10.0,0.5,0.5592551735,0.8334975369458129,179.5,0.0,19.5,23.0,20.0,0.575,387.5,146.0,33.0,263.0,48.0,0.0559255173499999,0.05,0.4561766993964479,Atletico Madrid
Barcelona,35,543,76,72.0203066452,26317,23483,75933.62400791598,21.44434114796344,35,4629,0,316,362,734,471,21957,6646,1867,16743,2395,15.514285714285714,2.1714285714285717,2.057723047005714,0.8923129536041342,132.25714285714287,0.0,9.028571428571428,10.342857142857143,20.97142857142857,0.6416893732970027,627.3428571428572,189.88571428571427,53.34285714285714,478.37142857142857,68.42857142857143,0.1326340822195211,0.1399631675874769,0.6126954613703841,Barcelona
Real Madrid,2,30,5,4.221833273,932,770,2996.3755101220004,0.865524511261744,2,416,0,27,34,35,25,758,272,88,480,98,15.0,2.5,2.1109166365,0.8261802575107297,208.0,0.0,13.5,17.0,17.5,0.7142857142857143,379.0,136.0,44.0,240.0,49.0,0.1407277757666666,0.1666666666666666,0.432762255630872,Real Madrid
